[
  {
    "id": 527,
    "wind2horizon_id": null,
    "lat": 45.075565,
    "lng": 13.636093,
    "name_fr": "ACI Marina Rovinj",
    "description_fr": null
  },
  {
    "id": 93,
    "wind2horizon_id": null,
    "lat": 44.87322990000001,
    "lng": 13.8502458,
    "name_fr": "Amphithéâtre de Pula",
    "description_fr": "Vaste amphithéâtre romain avec expositions souterraines sur production huile d'olive et vin dans l'Antiquité."
  },
  {
    "id": 85,
    "wind2horizon_id": null,
    "lat": 47.4255636,
    "lng": 12.4200354,
    "name_fr": "Gasthaus Eichenheim",
    "description_fr": null
  },
  {
    "id": 86,
    "wind2horizon_id": null,
    "lat": 47.3180917,
    "lng": 13.1991778,
    "name_fr": "Gut Berg Naturhotel",
    "description_fr": "Airy rooms in a relaxed venue offering direct ski access, dining, a spa & an indoor pool."
  },
  {
    "id": 600,
    "wind2horizon_id": null,
    "lat": 44.9495486,
    "lng": 14.4158599,
    "name_fr": "Apartment ACI Marina CRES",
    "description_fr": null
  },
  {
    "id": 632,
    "wind2horizon_id": null,
    "lat": 43.81910329999999,
    "lng": 15.9189997,
    "name_fr": "ACI Marina Skradin",
    "description_fr": null
  },
  {
    "id": 87,
    "wind2horizon_id": null,
    "lat": 47.3475428,
    "lng": 13.20184,
    "name_fr": "sehen!wutscher",
    "description_fr": null
  },
  {
    "id": 427,
    "wind2horizon_id": null,
    "lat": 45.2025388,
    "lng": 13.5883683,
    "name_fr": "Villa Romana beach lounge & restaurant",
    "description_fr": null
  },
  {
    "id": 466,
    "wind2horizon_id": null,
    "lat": 45.0819593,
    "lng": 13.6316562,
    "name_fr": "Rovinj Mali Raj",
    "description_fr": null
  },
  {
    "id": 665,
    "wind2horizon_id": null,
    "lat": 43.6252323,
    "lng": 15.5745049,
    "name_fr": "Phare de Blitvenica",
    "description_fr": null
  },
  {
    "id": 88,
    "wind2horizon_id": null,
    "lat": 48.207521,
    "lng": 16.378672,
    "name_fr": "Plachutta Wollzeile",
    "description_fr": "Restaurant chic avec terrasse, servant du Tafelspitz (bœuf bouilli) et d'autres spécialités de la cuisine viennoise."
  },
  {
    "id": 92,
    "wind2horizon_id": null,
    "lat": 47.3134265,
    "lng": 13.1896781,
    "name_fr": "Liechtensteinklamm",
    "description_fr": "Gorge étroite et profonde avec sentiers pédestres, ponts, rivière et cascade, ouverte en été uniquement."
  },
  {
    "id": 100,
    "wind2horizon_id": null,
    "lat": 47.4430868,
    "lng": 12.3892092,
    "name_fr": "Bergbahn AG Kitzbühel - KitzSki",
    "description_fr": "Station de ski très fréquentée offrant une grande diversité de pistes difficiles de ski et de snowboard."
  },
  {
    "id": 561,
    "wind2horizon_id": null,
    "lat": 44.8731915,
    "lng": 13.8450158,
    "name_fr": "ACI marina Pula",
    "description_fr": null
  },
  {
    "id": 89,
    "wind2horizon_id": null,
    "lat": 48.2040009,
    "lng": 16.3697963,
    "name_fr": "Hôtel Sacher",
    "description_fr": "Hôtel richement décoré, logements chics, 2 restaurants raffinés, spa à service complet et bar avec terrasse."
  },
  {
    "id": 90,
    "wind2horizon_id": null,
    "lat": 48.1858124,
    "lng": 16.3127641,
    "name_fr": "Château de Schönbrunn",
    "description_fr": "Palais d'été du XVIIIe avec visites des somptueuses salles de cérémonie rococo et jardins avec labyrinthe."
  },
  {
    "id": 508,
    "wind2horizon_id": null,
    "lat": 45.1505492,
    "lng": 13.6052522,
    "name_fr": "Viewpoint Casanova",
    "description_fr": "Observation deck on a hilltop, with views over a yacht harbor, Vrsar old town & the Adriatic Sea."
  },
  {
    "id": 629,
    "wind2horizon_id": null,
    "lat": 43.7575498,
    "lng": 15.7800631,
    "name_fr": "ACI Marina Vodice",
    "description_fr": null
  },
  {
    "id": 899,
    "wind2horizon_id": null,
    "lat": 45.0589807,
    "lng": 13.6237276,
    "name_fr": "Sveti Andrija",
    "description_fr": "Tiny island in the Adriatic Sea featuring a hotel, a beach & a water-sports center."
  },
  {
    "id": 517,
    "wind2horizon_id": null,
    "lat": 45.1493381,
    "lng": 13.6038832,
    "name_fr": "Studenac Market",
    "description_fr": null
  },
  {
    "id": 628,
    "wind2horizon_id": null,
    "lat": 44.11722,
    "lng": 15.2199087,
    "name_fr": "Orgue Marin",
    "description_fr": "Grand instrument de musique expérimental installé sous un escalier et actionné par les vagues."
  },
  {
    "id": 97,
    "wind2horizon_id": null,
    "lat": 47.8997807,
    "lng": 13.7583526,
    "name_fr": "Seefunkschule Adlmanninger",
    "description_fr": null
  },
  {
    "id": 516,
    "wind2horizon_id": null,
    "lat": 45.1508499,
    "lng": 13.5999246,
    "name_fr": "Electric Vehicle Charging Station",
    "description_fr": null
  },
  {
    "id": 573,
    "wind2horizon_id": null,
    "lat": 44.8439116,
    "lng": 13.8452287,
    "name_fr": "Pitter d.o.o.",
    "description_fr": null
  },
  {
    "id": 630,
    "wind2horizon_id": null,
    "lat": 47.3226363,
    "lng": 13.1608855,
    "name_fr": "Palermo Pizzeria",
    "description_fr": null
  },
  {
    "id": 94,
    "wind2horizon_id": null,
    "lat": 45.2038392,
    "lng": 13.5947036,
    "name_fr": "Skilift Porec",
    "description_fr": null
  },
  {
    "id": 96,
    "wind2horizon_id": null,
    "lat": 47.8021621,
    "lng": 13.0432009,
    "name_fr": "Hotel Sacher Salzburg",
    "description_fr": "Hôtel chic avec 3 restaurants raffinés, café, chocolaterie et vue sur la rivière."
  },
  {
    "id": 91,
    "wind2horizon_id": null,
    "lat": 47.35044120000001,
    "lng": 13.1940298,
    "name_fr": "JET Tankstelle",
    "description_fr": null
  },
  {
    "id": 95,
    "wind2horizon_id": null,
    "lat": 47.3089895,
    "lng": 13.0902492,
    "name_fr": "Golfclub Goldegg",
    "description_fr": null
  },
  {
    "id": 98,
    "wind2horizon_id": null,
    "lat": 47.34702619999999,
    "lng": 13.2021919,
    "name_fr": "Johannes Stadtapotheke",
    "description_fr": null
  },
  {
    "id": 99,
    "wind2horizon_id": null,
    "lat": 47.321454,
    "lng": 13.195048,
    "name_fr": "Snow Space Salzburg - St. Johann im Pongau",
    "description_fr": "Huge resort with 3 ski areas, mountain huts & modern cable cars, plus hiking trails in summer."
  },
  {
    "id": 515,
    "wind2horizon_id": null,
    "lat": 45.1507961,
    "lng": 13.5994712,
    "name_fr": "Restoran “Trošt”",
    "description_fr": null
  },
  {
    "id": 586,
    "wind2horizon_id": null,
    "lat": 44.821828,
    "lng": 13.9022051,
    "name_fr": "ACI Marina Pomer",
    "description_fr": null
  },
  {
    "id": 631,
    "wind2horizon_id": null,
    "lat": 43.7585415,
    "lng": 15.3460817,
    "name_fr": "ACI Marina Piskera",
    "description_fr": null
  },
  {
    "id": 865,
    "wind2horizon_id": null,
    "lat": 45.0592216,
    "lng": 13.6241761,
    "name_fr": "Maistra Select Island Hotel Istra",
    "description_fr": "Complexe raffiné sur île isolée avec 5 restaurants, spa moderne et plages privées."
  }
]