[
  {
    "id": 427,
    "wind2horizon_id": null,
    "lat": 45.2025388,
    "lng": 13.5883683,
    "name_hr": "Villa Romana beach lounge & restaurant",
    "description_hr": null
  },
  {
    "id": 527,
    "wind2horizon_id": null,
    "lat": 45.075565,
    "lng": 13.636093,
    "name_hr": "ACI Marina Rovinj",
    "description_hr": null
  },
  {
    "id": 600,
    "wind2horizon_id": null,
    "lat": 44.9495486,
    "lng": 14.4158599,
    "name_hr": "ACI Marina CRES Apartments",
    "description_hr": null
  },
  {
    "id": 93,
    "wind2horizon_id": null,
    "lat": 44.87322990000001,
    "lng": 13.8502458,
    "name_hr": "Arena",
    "description_hr": "Velik rimski amfiteatar ispod kojeg je izložba posvećena drevnoj proizvodnji maslinova ulja i vina."
  },
  {
    "id": 85,
    "wind2horizon_id": null,
    "lat": 47.4255636,
    "lng": 12.4200354,
    "name_hr": "Gasthaus Eichenheim",
    "description_hr": null
  },
  {
    "id": 86,
    "wind2horizon_id": null,
    "lat": 47.3180917,
    "lng": 13.1991778,
    "name_hr": "Gut Berg Naturhotel",
    "description_hr": "Airy rooms in a relaxed venue offering direct ski access, dining, a spa & an indoor pool."
  },
  {
    "id": 632,
    "wind2horizon_id": null,
    "lat": 43.81910329999999,
    "lng": 15.9189997,
    "name_hr": "ACI Marina Skradin",
    "description_hr": null
  },
  {
    "id": 87,
    "wind2horizon_id": null,
    "lat": 47.3475428,
    "lng": 13.20184,
    "name_hr": "sehen!wutscher",
    "description_hr": null
  },
  {
    "id": 466,
    "wind2horizon_id": null,
    "lat": 45.0819593,
    "lng": 13.6316562,
    "name_hr": "Rovinj Mali Raj",
    "description_hr": null
  },
  {
    "id": 665,
    "wind2horizon_id": null,
    "lat": 43.6252323,
    "lng": 15.5745049,
    "name_hr": "Blitvenica Lighthouse",
    "description_hr": null
  },
  {
    "id": 88,
    "wind2horizon_id": null,
    "lat": 48.207521,
    "lng": 16.378672,
    "name_hr": "Plachutta",
    "description_hr": "Smart venue for Tafelspitz boiled beef & other classics of Viennese cuisine, with outdoor seating."
  },
  {
    "id": 92,
    "wind2horizon_id": null,
    "lat": 47.3134265,
    "lng": 13.1896781,
    "name_hr": "Liechtensteinklamm",
    "description_hr": "Duboki uski klanac s pješačkim stazama, mostovima, rijekom i slapom otvoren samo tijekom ljetnih mjeseci."
  },
  {
    "id": 89,
    "wind2horizon_id": null,
    "lat": 48.2040009,
    "lng": 16.3697963,
    "name_hr": "Hotel Sacher Vienna",
    "description_hr": "Luksuzan smještaj u elitnom hotelu koji nudi dva vrhunska restorana, bar s terasom i spa s punom uslugom."
  },
  {
    "id": 561,
    "wind2horizon_id": null,
    "lat": 44.8731915,
    "lng": 13.8450158,
    "name_hr": "ACI marina Pula",
    "description_hr": null
  },
  {
    "id": 100,
    "wind2horizon_id": null,
    "lat": 47.4430868,
    "lng": 12.3892092,
    "name_hr": "Bergbahn Kitzbühel",
    "description_hr": "Popularno skijaško odmaralište s brojnim zahtjevnim spustovima za skijanje i daskanje na snijegu."
  },
  {
    "id": 629,
    "wind2horizon_id": null,
    "lat": 43.7575498,
    "lng": 15.7800631,
    "name_hr": "ACI Marina Vodice",
    "description_hr": null
  },
  {
    "id": 90,
    "wind2horizon_id": null,
    "lat": 48.1858124,
    "lng": 16.3127641,
    "name_hr": "Schönbrunn",
    "description_hr": "Ljetna palača iz 18. st. koja nudi obilazak bogatih ceremonijalnih soba u stilu rokokoa i vrtove s labirintom."
  },
  {
    "id": 508,
    "wind2horizon_id": null,
    "lat": 45.1505492,
    "lng": 13.6052522,
    "name_hr": "Viewpoint Casanova",
    "description_hr": "Vidikovac na vrhu brda s pogledom na luku za jahte, staru gradsku jezgru Vrsara i more."
  },
  {
    "id": 517,
    "wind2horizon_id": null,
    "lat": 45.1493381,
    "lng": 13.6038832,
    "name_hr": "STUDENAC MARKET",
    "description_hr": null
  },
  {
    "id": 628,
    "wind2horizon_id": null,
    "lat": 44.11722,
    "lng": 15.2199087,
    "name_hr": "Morske orgulje",
    "description_hr": "Veliki eksperimentalni glazbeni instrument podno stuba na kojem \"sviraju\" morski valovi."
  },
  {
    "id": 899,
    "wind2horizon_id": null,
    "lat": 45.0589807,
    "lng": 13.6237276,
    "name_hr": "Otočić Sveti Andrija",
    "description_hr": "Jadranski otočić s hotelom, plažom i centrom za vodene sportove."
  },
  {
    "id": 630,
    "wind2horizon_id": null,
    "lat": 47.3226363,
    "lng": 13.1608855,
    "name_hr": "Palermo Pizzeria",
    "description_hr": null
  },
  {
    "id": 94,
    "wind2horizon_id": null,
    "lat": 45.2038392,
    "lng": 13.5947036,
    "name_hr": "The Ski Lift Poreč",
    "description_hr": null
  },
  {
    "id": 96,
    "wind2horizon_id": null,
    "lat": 47.8021621,
    "lng": 13.0432009,
    "name_hr": "Hotel Sacher Salzburg",
    "description_hr": "Otmjeni hotel s tri profinjena restorana, kafićem, trgovinom čokolade i pogledom na rijeku."
  },
  {
    "id": 97,
    "wind2horizon_id": null,
    "lat": 47.8997807,
    "lng": 13.7583526,
    "name_hr": "Seefunkschule Adlmanninger",
    "description_hr": null
  },
  {
    "id": 516,
    "wind2horizon_id": null,
    "lat": 45.1508499,
    "lng": 13.5999246,
    "name_hr": "Stanica za napajanje električnih vozila",
    "description_hr": null
  },
  {
    "id": 573,
    "wind2horizon_id": null,
    "lat": 44.8439116,
    "lng": 13.8452287,
    "name_hr": "Pitter d.o.o.",
    "description_hr": null
  },
  {
    "id": 515,
    "wind2horizon_id": null,
    "lat": 45.1507961,
    "lng": 13.5994712,
    "name_hr": "Restoran “Trošt”",
    "description_hr": null
  },
  {
    "id": 91,
    "wind2horizon_id": null,
    "lat": 47.35044120000001,
    "lng": 13.1940298,
    "name_hr": "JET Tankstelle",
    "description_hr": null
  },
  {
    "id": 586,
    "wind2horizon_id": null,
    "lat": 44.821828,
    "lng": 13.9022051,
    "name_hr": "ACI Marina Pomer",
    "description_hr": null
  },
  {
    "id": 631,
    "wind2horizon_id": null,
    "lat": 43.7585415,
    "lng": 15.3460817,
    "name_hr": "ACI Marina Piskera",
    "description_hr": null
  },
  {
    "id": 95,
    "wind2horizon_id": null,
    "lat": 47.3089895,
    "lng": 13.0902492,
    "name_hr": "Golfclub Goldegg",
    "description_hr": null
  },
  {
    "id": 98,
    "wind2horizon_id": null,
    "lat": 47.34702619999999,
    "lng": 13.2021919,
    "name_hr": "Johannes Stadtapotheke",
    "description_hr": null
  },
  {
    "id": 99,
    "wind2horizon_id": null,
    "lat": 47.321454,
    "lng": 13.195048,
    "name_hr": "Alpendorf Bergbahnen",
    "description_hr": "Huge resort with 3 ski areas, mountain huts & modern cable cars, plus hiking trails in summer."
  },
  {
    "id": 865,
    "wind2horizon_id": null,
    "lat": 45.0592216,
    "lng": 13.6241761,
    "name_hr": "Maistra Select Island Hotel Istra",
    "description_hr": "Profinjeno odmaralište na skrivenom otoku s pet restorana, modernim spa-centrom i privatnim plažama."
  }
]