[
  {
    "id": 427,
    "wind2horizon_id": null,
    "lat": 45.2025388,
    "lng": 13.5883683,
    "name_it": "Villa Romana beach lounge & restaurant",
    "description_it": null
  },
  {
    "id": 527,
    "wind2horizon_id": null,
    "lat": 45.075565,
    "lng": 13.636093,
    "name_it": "ACI Marina Rovinj",
    "description_it": null
  },
  {
    "id": 600,
    "wind2horizon_id": null,
    "lat": 44.9495486,
    "lng": 14.4158599,
    "name_it": "Apartment ACI Marina CRES",
    "description_it": null
  },
  {
    "id": 93,
    "wind2horizon_id": null,
    "lat": 44.87322990000001,
    "lng": 13.8502458,
    "name_it": "Anfiteatro di Pola",
    "description_it": "Enorme anfiteatro romano con mostra sotterranea sulle antiche tecniche di produzione di olio e vino."
  },
  {
    "id": 85,
    "wind2horizon_id": null,
    "lat": 47.4255636,
    "lng": 12.4200354,
    "name_it": "Gasthaus Eichenheim",
    "description_it": null
  },
  {
    "id": 86,
    "wind2horizon_id": null,
    "lat": 47.3180917,
    "lng": 13.1991778,
    "name_it": "Gut Berg Naturhotel",
    "description_it": "Airy rooms in a relaxed venue offering direct ski access, dining, a spa & an indoor pool."
  },
  {
    "id": 632,
    "wind2horizon_id": null,
    "lat": 43.81910329999999,
    "lng": 15.9189997,
    "name_it": "ACI Marina Skradin",
    "description_it": null
  },
  {
    "id": 87,
    "wind2horizon_id": null,
    "lat": 47.3475428,
    "lng": 13.20184,
    "name_it": "sehen!wutscher",
    "description_it": null
  },
  {
    "id": 466,
    "wind2horizon_id": null,
    "lat": 45.0819593,
    "lng": 13.6316562,
    "name_it": "Rovinj Mali Raj",
    "description_it": null
  },
  {
    "id": 665,
    "wind2horizon_id": null,
    "lat": 43.6252323,
    "lng": 15.5745049,
    "name_it": "Blitvenica Lighthouse",
    "description_it": null
  },
  {
    "id": 88,
    "wind2horizon_id": null,
    "lat": 48.207521,
    "lng": 16.378672,
    "name_it": "Plachutta",
    "description_it": "Locale elegante con tavoli all'aperto che serve bollito di manzo Tafelspitz e altri classici della tradizione viennese."
  },
  {
    "id": 92,
    "wind2horizon_id": null,
    "lat": 47.3134265,
    "lng": 13.1896781,
    "name_it": "Liechtensteinklamm",
    "description_it": "Gola profonda e stretta con sentieri, ponti, fiume e cascata, aperta solo nei mesi estivi."
  },
  {
    "id": 89,
    "wind2horizon_id": null,
    "lat": 48.2040009,
    "lng": 16.3697963,
    "name_it": "Hotel Sacher",
    "description_it": "Sistemazioni eleganti in hotel ricercato che offre 2 ristoranti raffinati, bar con terrazza e spa completa."
  },
  {
    "id": 561,
    "wind2horizon_id": null,
    "lat": 44.8731915,
    "lng": 13.8450158,
    "name_it": "ACI marina Pula",
    "description_it": null
  },
  {
    "id": 100,
    "wind2horizon_id": null,
    "lat": 47.4430868,
    "lng": 12.3892092,
    "name_it": "Bergbahn AG Kitzbühel - KitzSki",
    "description_it": "Popolare località sciistica con ampia scelta di piste entusiasmanti per sci e snowboard."
  },
  {
    "id": 629,
    "wind2horizon_id": null,
    "lat": 43.7575498,
    "lng": 15.7800631,
    "name_it": "ACI Marina Vodice",
    "description_it": null
  },
  {
    "id": 90,
    "wind2horizon_id": null,
    "lat": 48.1858124,
    "lng": 16.3127641,
    "name_it": "Palazzo di Schönbrunn",
    "description_it": "Residenza estiva del XVIII secolo con tour guidati nelle sale cerimoniali rococò e giardino con labirinto."
  },
  {
    "id": 508,
    "wind2horizon_id": null,
    "lat": 45.1505492,
    "lng": 13.6052522,
    "name_it": "Belvedere Casanova",
    "description_it": "Belvedere su una collina con vista sul porto turistico, sul centro storico di Orsera e sul mare Adriatico."
  },
  {
    "id": 517,
    "wind2horizon_id": null,
    "lat": 45.1493381,
    "lng": 13.6038832,
    "name_it": "Studenac Market",
    "description_it": null
  },
  {
    "id": 628,
    "wind2horizon_id": null,
    "lat": 44.11722,
    "lng": 15.2199087,
    "name_it": "Organo Marino",
    "description_it": "Grande strumento musicale sperimentale montato sotto una scalinata e suonato dalle onde del mare."
  },
  {
    "id": 899,
    "wind2horizon_id": null,
    "lat": 45.0589807,
    "lng": 13.6237276,
    "name_it": "Sveti Andrija",
    "description_it": "Isolotto nel Mar Adriatico con hotel, spiaggia e centro per sport acquatici."
  },
  {
    "id": 630,
    "wind2horizon_id": null,
    "lat": 47.3226363,
    "lng": 13.1608855,
    "name_it": "Palermo Pizzeria",
    "description_it": null
  },
  {
    "id": 94,
    "wind2horizon_id": null,
    "lat": 45.2038392,
    "lng": 13.5947036,
    "name_it": "Ski Lift Poreč",
    "description_it": null
  },
  {
    "id": 96,
    "wind2horizon_id": null,
    "lat": 47.8021621,
    "lng": 13.0432009,
    "name_it": "Hotel Sacher Salzburg",
    "description_it": "Hotel esclusivo con 3 ristoranti raffinati, caffè, cioccolateria e vista sul fiume."
  },
  {
    "id": 97,
    "wind2horizon_id": null,
    "lat": 47.8997807,
    "lng": 13.7583526,
    "name_it": "Seefunkschule Adlmanninger",
    "description_it": null
  },
  {
    "id": 516,
    "wind2horizon_id": null,
    "lat": 45.1508499,
    "lng": 13.5999246,
    "name_it": "Electric Vehicle Charging Station",
    "description_it": null
  },
  {
    "id": 573,
    "wind2horizon_id": null,
    "lat": 44.8439116,
    "lng": 13.8452287,
    "name_it": "Pitter d.o.o.",
    "description_it": null
  },
  {
    "id": 515,
    "wind2horizon_id": null,
    "lat": 45.1507961,
    "lng": 13.5994712,
    "name_it": "Restoran “Trošt”",
    "description_it": null
  },
  {
    "id": 91,
    "wind2horizon_id": null,
    "lat": 47.35044120000001,
    "lng": 13.1940298,
    "name_it": "JET Tankstelle",
    "description_it": null
  },
  {
    "id": 586,
    "wind2horizon_id": null,
    "lat": 44.821828,
    "lng": 13.9022051,
    "name_it": "ACI Marina Pomer",
    "description_it": null
  },
  {
    "id": 631,
    "wind2horizon_id": null,
    "lat": 43.7585415,
    "lng": 15.3460817,
    "name_it": "ACI Marina Piškera",
    "description_it": null
  },
  {
    "id": 95,
    "wind2horizon_id": null,
    "lat": 47.3089895,
    "lng": 13.0902492,
    "name_it": "Golfclub Goldegg",
    "description_it": null
  },
  {
    "id": 98,
    "wind2horizon_id": null,
    "lat": 47.34702619999999,
    "lng": 13.2021919,
    "name_it": "Johannes Stadtapotheke",
    "description_it": null
  },
  {
    "id": 99,
    "wind2horizon_id": null,
    "lat": 47.321454,
    "lng": 13.195048,
    "name_it": "Snow Space Salzburg - St. Johann im Pongau",
    "description_it": "Huge resort with 3 ski areas, mountain huts & modern cable cars, plus hiking trails in summer."
  },
  {
    "id": 865,
    "wind2horizon_id": null,
    "lat": 45.0592216,
    "lng": 13.6241761,
    "name_it": "Maistra Select Island Hotel Istra",
    "description_it": "Resort raffinato su un'isola tranquilla con cinque ristoranti, una spa moderna e lidi privati"
  }
]