[
  {
    "id": 85,
    "wind2horizon_id": null,
    "lat": 47.4255636,
    "lng": 12.4200354,
    "name_de": "Gasthaus Eichenheim",
    "description_de": null
  },
  {
    "id": 86,
    "wind2horizon_id": null,
    "lat": 47.3180917,
    "lng": 13.1991778,
    "name_de": "Gut Berg Naturhotel",
    "description_de": "Entspanntes Hotel mit hellen Zimmern, direktem Pistenzugang, Restaurant, Spa und Innenpool."
  },
  {
    "id": 87,
    "wind2horizon_id": null,
    "lat": 47.3475428,
    "lng": 13.20184,
    "name_de": "sehen!wutscher",
    "description_de": null
  },
  {
    "id": 427,
    "wind2horizon_id": null,
    "lat": 45.2025388,
    "lng": 13.5883683,
    "name_de": "Villa Romana beach lounge & restaurant",
    "description_de": null
  },
  {
    "id": 93,
    "wind2horizon_id": null,
    "lat": 44.87322990000001,
    "lng": 13.8502458,
    "name_de": "Amphitheater Pula",
    "description_de": "Riesiges römisches Amphitheater mit unterirdischer Ausstellung über die antike Produktion von Olivenöl & Wein."
  },
  {
    "id": 466,
    "wind2horizon_id": null,
    "lat": 45.0819593,
    "lng": 13.6316562,
    "name_de": "Rovinj Mali Raj",
    "description_de": null
  },
  {
    "id": 91,
    "wind2horizon_id": null,
    "lat": 47.35044120000001,
    "lng": 13.1940298,
    "name_de": "JET Tankstelle",
    "description_de": null
  },
  {
    "id": 92,
    "wind2horizon_id": null,
    "lat": 47.3134265,
    "lng": 13.1896781,
    "name_de": "Liechtensteinklamm",
    "description_de": "Tiefe, schmale Schlucht mit Wanderwegen, Brücken, Fluss und Wasserfall, nur in den Sommermonaten geöffnet."
  },
  {
    "id": 94,
    "wind2horizon_id": null,
    "lat": 45.2038392,
    "lng": 13.5947036,
    "name_de": "Skilift Porec",
    "description_de": null
  },
  {
    "id": 96,
    "wind2horizon_id": null,
    "lat": 47.8021621,
    "lng": 13.0432009,
    "name_de": "Hotel Sacher Salzburg",
    "description_de": "Nobelhotel mit 3 stilvollen Restaurants, einem Café und einer Chocolaterie sowie Blick auf den Fluss."
  },
  {
    "id": 97,
    "wind2horizon_id": null,
    "lat": 47.8997807,
    "lng": 13.7583526,
    "name_de": "Seefunkschule Adlmanninger",
    "description_de": null
  },
  {
    "id": 98,
    "wind2horizon_id": null,
    "lat": 47.34702619999999,
    "lng": 13.2021919,
    "name_de": "Johannes Stadtapotheke",
    "description_de": null
  },
  {
    "id": 88,
    "wind2horizon_id": null,
    "lat": 48.20752099999999,
    "lng": 16.378672,
    "name_de": "Plachutta Wollzeile",
    "description_de": "Schickes Restaurant für Tafelspitz und andere Klassiker der Wiener Küche mit Sitzgelegenheiten im Freien."
  },
  {
    "id": 89,
    "wind2horizon_id": null,
    "lat": 48.2040009,
    "lng": 16.3697963,
    "name_de": "Hotel Sacher Wien",
    "description_de": "Elegante Zimmer und Suiten in einem prächtigen Hotel mit 2 gehobenen Restaurants, Terrassenbar und Spa."
  },
  {
    "id": 90,
    "wind2horizon_id": null,
    "lat": 48.1858124,
    "lng": 16.3127641,
    "name_de": "Schloss Schönbrunn",
    "description_de": "Sommerpalast aus dem 18. Jahrhundert, Führungen durch opulente Festsäle im Rokokostil und Park mit Irrgarten."
  },
  {
    "id": 95,
    "wind2horizon_id": null,
    "lat": 47.3089895,
    "lng": 13.0902492,
    "name_de": "Golfclub Goldegg",
    "description_de": null
  },
  {
    "id": 99,
    "wind2horizon_id": null,
    "lat": 47.321454,
    "lng": 13.195048,
    "name_de": "Snow Space Salzburg - St. Johann im Pongau",
    "description_de": "Riesiges Resort mit 3 Skigebieten, Berghütten und modernen Seilbahnen sowie Wanderwegen im Sommer."
  },
  {
    "id": 100,
    "wind2horizon_id": null,
    "lat": 47.4430868,
    "lng": 12.3892092,
    "name_de": "Bergbahn AG Kitzbühel – KitzSki",
    "description_de": "Beliebtes Skigebiet mit einer Vielzahl von anspruchsvollen Abfahrten für Ski- und Snowboardfahrer."
  }
]