[
  {
    "id": 527,
    "wind2horizon_id": null,
    "category_id": 23,
    "google_place_id": "ChIJ_yy5qprAfEcRVmWc_EEUFyg",
    "plus_code": "8FQM3JGP+6C",
    "source_type": null,
    "sync_enabled": null,
    "last_sync": null,
    "name_de": "ACI Marina Rovinj",
    "name_en": "ACI Marina Rovinj",
    "name_it": "ACI Marina Rovinj",
    "name_hr": "ACI Marina Rovinj",
    "description_de": null,
    "description_en": null,
    "description_it": null,
    "description_hr": null,
    "lat": 45.075565,
    "lng": 13.636093,
    "created_at": null,
    "updated_at": "2025-08-13T03:20:11.56+00:00",
    "description_fr": null,
    "name_fr": "ACI Marina Rovinj",
    "translations": null,
    "address": "ACI Rovinj, Šetalište Vijeća Europe, 52210, Rovinj, Kroatien",
    "phone": "052 813 133",
    "website": "http://www.aci-marinas.com/aci_marina/aci-marina-rovinj/",
    "rating": 4.4,
    "price_level": null,
    "active": true,
    "display_name": "ACI Marina Rovinj",
    "maps_url": "https://maps.google.com/?cid=2888799959625000278",
    "to_review": false,
    "category_name_de": "Einrichtung",
    "category_name_en": "establishment",
    "category_name_it": "istituzione",
    "category_name_hr": "ustanova"
  },
  {
    "id": 93,
    "wind2horizon_id": null,
    "category_id": 23,
    "google_place_id": "ChIJ4Wspu-DSfEcRYraSNADrY9o",
    "plus_code": "8FPMVVF2+73",
    "source_type": null,
    "sync_enabled": null,
    "last_sync": null,
    "name_de": "Amphitheater Pula",
    "name_en": "Pula Arena",
    "name_it": "Anfiteatro di Pola",
    "name_hr": "Arena",
    "description_de": "Riesiges römisches Amphitheater mit unterirdischer Ausstellung über die antike Produktion von Olivenöl & Wein.",
    "description_en": "Huge Roman amphitheater with an underground exhibition about ancient olive oil & wine production.",
    "description_it": "Enorme anfiteatro romano con mostra sotterranea sulle antiche tecniche di produzione di olio e vino.",
    "description_hr": "Velik rimski amfiteatar ispod kojeg je izložba posvećena drevnoj proizvodnji maslinova ulja i vina.",
    "lat": 44.87322990000001,
    "lng": 13.8502458,
    "created_at": null,
    "updated_at": "2025-08-13T03:19:54.479+00:00",
    "description_fr": "Vaste amphithéâtre romain avec expositions souterraines sur production huile d'olive et vin dans l'Antiquité.",
    "name_fr": "Amphithéâtre de Pula",
    "translations": null,
    "address": "Flavijevska ul., 52100, Pula, Kroatien",
    "phone": "052 219 028",
    "website": "http://www.ami-pula.hr/hr/dislocirane-zbirke/amfiteatar/amfiteatar/",
    "rating": 4.6,
    "price_level": null,
    "active": true,
    "display_name": "Kolosseum Pula",
    "maps_url": "https://maps.google.com/?cid=15736679909077202530",
    "to_review": false,
    "category_name_de": "Einrichtung",
    "category_name_en": "establishment",
    "category_name_it": "istituzione",
    "category_name_hr": "ustanova"
  },
  {
    "id": 85,
    "wind2horizon_id": null,
    "category_id": 29,
    "google_place_id": "ChIJHVE1QDxTdkcRh27H7hWwztQ",
    "plus_code": "8FVJCCGC+62",
    "source_type": null,
    "sync_enabled": null,
    "last_sync": null,
    "name_de": "Gasthaus Eichenheim",
    "name_en": "Gasthaus Eichenheim",
    "name_it": "Gasthaus Eichenheim",
    "name_hr": "Gasthaus Eichenheim",
    "description_de": null,
    "description_en": null,
    "description_it": null,
    "description_hr": null,
    "lat": 47.4255636,
    "lng": 12.4200354,
    "created_at": null,
    "updated_at": "2025-08-13T03:20:02.842+00:00",
    "description_fr": null,
    "name_fr": "Gasthaus Eichenheim",
    "translations": null,
    "address": "Eichenheim 8, 6370 Kitzbühel, Österreich",
    "phone": "05356 66615951",
    "website": "https://www.hommage-hotels.com/grand-tirolia-kitzbuehel/kulinarik/gasthaus-eichenheim",
    "rating": 4.8,
    "price_level": null,
    "active": true,
    "display_name": "gasthaus eichenheim kitzbühel",
    "maps_url": "https://maps.google.com/?cid=15334387389489966727",
    "to_review": true,
    "category_name_de": "Bar",
    "category_name_en": "bar",
    "category_name_it": "Bar",
    "category_name_hr": "Bar"
  },
  {
    "id": 86,
    "wind2horizon_id": null,
    "category_id": 29,
    "google_place_id": "ChIJlVftuP_XdkcRN6LeBP5cTe4",
    "plus_code": "8FVM859X+6M",
    "source_type": null,
    "sync_enabled": null,
    "last_sync": null,
    "name_de": "Gut Berg Naturhotel",
    "name_en": "Gut Berg Naturhotel",
    "name_it": "Gut Berg Naturhotel",
    "name_hr": "Gut Berg Naturhotel",
    "description_de": "Entspanntes Hotel mit hellen Zimmern, direktem Pistenzugang, Restaurant, Spa und Innenpool.",
    "description_en": "Airy rooms in a relaxed venue offering direct ski access, dining, a spa & an indoor pool.",
    "description_it": "Airy rooms in a relaxed venue offering direct ski access, dining, a spa & an indoor pool.",
    "description_hr": "Airy rooms in a relaxed venue offering direct ski access, dining, a spa & an indoor pool.",
    "lat": 47.3180917,
    "lng": 13.1991778,
    "created_at": null,
    "updated_at": "2025-08-13T03:20:03.78+00:00",
    "description_fr": "Airy rooms in a relaxed venue offering direct ski access, dining, a spa & an indoor pool.",
    "name_fr": "Gut Berg Naturhotel",
    "translations": null,
    "address": "Alpendorfstraße 31, 5600 St. Johann im Pongau, Österreich",
    "phone": "06412 5646",
    "website": "https://www.gut-berg.com/",
    "rating": 4.6,
    "price_level": null,
    "active": true,
    "display_name": "Gut Berg Naturhotel",
    "maps_url": "https://maps.google.com/?cid=17171483200306717239",
    "to_review": true,
    "category_name_de": "Bar",
    "category_name_en": "bar",
    "category_name_it": "Bar",
    "category_name_hr": "Bar"
  },
  {
    "id": 600,
    "wind2horizon_id": null,
    "category_id": 23,
    "google_place_id": "ChIJbS4wL34UY0cRVbDhNQbnCfk",
    "plus_code": "8FPPWCX8+R8",
    "source_type": null,
    "sync_enabled": null,
    "last_sync": null,
    "name_de": "Apartment ACI Marina CRES",
    "name_en": "Apartment ACI Marina CRES",
    "name_it": "Apartment ACI Marina CRES",
    "name_hr": "ACI Marina CRES Apartments",
    "description_de": null,
    "description_en": null,
    "description_it": null,
    "description_hr": null,
    "lat": 44.9495486,
    "lng": 14.4158599,
    "created_at": null,
    "updated_at": "2025-08-13T03:20:15.394+00:00",
    "description_fr": null,
    "name_fr": "Apartment ACI Marina CRES",
    "translations": null,
    "address": "Obala Sv. Benedikta 3, 51557, Cres, Kroatien",
    "phone": "051 571 622",
    "website": "http://www.aci-marinas.com/aci_marina/aci-marina-cres/",
    "rating": 4.5,
    "price_level": null,
    "active": true,
    "display_name": "Apartment ACI Marina CRES",
    "maps_url": "https://maps.google.com/?cid=17945128204094255189",
    "to_review": false,
    "category_name_de": "Einrichtung",
    "category_name_en": "establishment",
    "category_name_it": "istituzione",
    "category_name_hr": "ustanova"
  },
  {
    "id": 632,
    "wind2horizon_id": null,
    "category_id": 23,
    "google_place_id": "ChIJTyQ0ETMsNRMRTJ9NKi_Mos4",
    "plus_code": "8FMQRW99+JH",
    "source_type": null,
    "sync_enabled": null,
    "last_sync": null,
    "name_de": "ACI Marina Skradin",
    "name_en": "ACI Marina Skradin",
    "name_it": "ACI Marina Skradin",
    "name_hr": "ACI Marina Skradin",
    "description_de": null,
    "description_en": null,
    "description_it": null,
    "description_hr": null,
    "lat": 43.81910329999999,
    "lng": 15.9189997,
    "created_at": null,
    "updated_at": "2025-08-13T03:20:20.472+00:00",
    "description_fr": null,
    "name_fr": "ACI Marina Skradin",
    "translations": null,
    "address": "Obala Bana Pavla Subica 18, 22222, Skradin, Kroatien",
    "phone": "022 771 365",
    "website": "http://www.aci-marinas.com/aci_marina/aci-skradin/",
    "rating": 4,
    "price_level": null,
    "active": true,
    "display_name": "ACI Marina Skradin",
    "maps_url": "https://maps.google.com/?cid=14889687820985540428",
    "to_review": false,
    "category_name_de": "Einrichtung",
    "category_name_en": "establishment",
    "category_name_it": "istituzione",
    "category_name_hr": "ustanova"
  },
  {
    "id": 87,
    "wind2horizon_id": null,
    "category_id": 23,
    "google_place_id": "ChIJ51LpqPzZdkcRehm1MgR100w",
    "plus_code": "8FVM86X2+2P",
    "source_type": null,
    "sync_enabled": null,
    "last_sync": null,
    "name_de": "sehen!wutscher",
    "name_en": "sehen!wutscher",
    "name_it": "sehen!wutscher",
    "name_hr": "sehen!wutscher",
    "description_de": null,
    "description_en": null,
    "description_it": null,
    "description_hr": null,
    "lat": 47.3475428,
    "lng": 13.20184,
    "created_at": null,
    "updated_at": "2025-08-13T03:20:04.712+00:00",
    "description_fr": null,
    "name_fr": "sehen!wutscher",
    "translations": null,
    "address": "Hauptstraße 49 8, 5600 St. Johann im Pongau, Österreich",
    "phone": "06412 66248",
    "website": "https://wutscher.com/l/st.-johann-im-pongau/hauptstrasse-49",
    "rating": 5,
    "price_level": null,
    "active": true,
    "display_name": "Sehen Wutscher 5600 St. Johann im Pongau",
    "maps_url": "https://maps.google.com/?cid=5535897027859519866",
    "to_review": false,
    "category_name_de": "Einrichtung",
    "category_name_en": "establishment",
    "category_name_it": "istituzione",
    "category_name_hr": "ustanova"
  },
  {
    "id": 427,
    "wind2horizon_id": null,
    "category_id": 23,
    "google_place_id": "ChIJSYmHOwCXfEcRHha2kDUl0oU",
    "plus_code": "8FQM6H3Q+28",
    "source_type": null,
    "sync_enabled": null,
    "last_sync": null,
    "name_de": "Villa Romana beach lounge & restaurant",
    "name_en": "Villa Romana beach lounge & restaurant",
    "name_it": "Villa Romana beach lounge & restaurant",
    "name_hr": "Villa Romana beach lounge & restaurant",
    "description_de": null,
    "description_en": null,
    "description_it": null,
    "description_hr": null,
    "lat": 45.2025388,
    "lng": 13.5883683,
    "created_at": null,
    "updated_at": "2025-08-13T03:20:05.653+00:00",
    "description_fr": null,
    "name_fr": "Villa Romana beach lounge & restaurant",
    "translations": null,
    "address": "Zelena laguna 7, 52440, Poreč, Kroatien",
    "phone": "098 276 167",
    "website": "http://www.mainsail.hr/",
    "rating": 4.6,
    "price_level": null,
    "active": true,
    "display_name": "villa Romana Porec",
    "maps_url": "https://maps.google.com/?cid=9642810664144999966",
    "to_review": false,
    "category_name_de": "Einrichtung",
    "category_name_en": "establishment",
    "category_name_it": "istituzione",
    "category_name_hr": "ustanova"
  },
  {
    "id": 466,
    "wind2horizon_id": null,
    "category_id": 23,
    "google_place_id": "ChIJo7SqaIHAfEcRduobB0YpczU",
    "plus_code": "8FQM3JJJ+QM",
    "source_type": null,
    "sync_enabled": null,
    "last_sync": null,
    "name_de": "Rovinj Mali Raj",
    "name_en": "Rovinj Mali Raj",
    "name_it": "Rovinj Mali Raj",
    "name_hr": "Rovinj Mali Raj",
    "description_de": null,
    "description_en": null,
    "description_it": null,
    "description_hr": null,
    "lat": 45.0819593,
    "lng": 13.6316562,
    "created_at": null,
    "updated_at": "2025-08-13T03:20:06.592+00:00",
    "description_fr": null,
    "name_fr": "Rovinj Mali Raj",
    "translations": null,
    "address": "Trevisol 48, 52210, Rovinj, Kroatien",
    "phone": null,
    "website": null,
    "rating": 4.7,
    "price_level": 2,
    "active": true,
    "display_name": "Malji Rai Rovinj",
    "maps_url": "https://maps.google.com/?cid=3851467487075625590",
    "to_review": false,
    "category_name_de": "Einrichtung",
    "category_name_en": "establishment",
    "category_name_it": "istituzione",
    "category_name_hr": "ustanova"
  },
  {
    "id": 665,
    "wind2horizon_id": null,
    "category_id": 93,
    "google_place_id": "ChIJXSs30B7oNBMRokIAGkaDrRE",
    "plus_code": null,
    "source_type": null,
    "sync_enabled": null,
    "last_sync": null,
    "name_de": "Blitvenica Lighthouse",
    "name_en": "Blitvenica Lighthouse",
    "name_it": "Blitvenica Lighthouse",
    "name_hr": "Blitvenica Lighthouse",
    "description_de": null,
    "description_en": null,
    "description_it": null,
    "description_hr": null,
    "lat": 43.6252323,
    "lng": 15.5745049,
    "created_at": null,
    "updated_at": "2025-08-13T03:20:21.377+00:00",
    "description_fr": null,
    "name_fr": "Phare de Blitvenica",
    "translations": null,
    "address": "Blitvenica Lighthouse, Žirje, Kroatien",
    "phone": null,
    "website": null,
    "rating": null,
    "price_level": null,
    "active": true,
    "display_name": "Blitvenica Lighthouse",
    "maps_url": "https://maps.google.com/?cid=1273818606722892450",
    "to_review": false,
    "category_name_de": "Prämisse",
    "category_name_en": "premise",
    "category_name_it": "Premessa",
    "category_name_hr": "Premisa"
  },
  {
    "id": 88,
    "wind2horizon_id": null,
    "category_id": 23,
    "google_place_id": "ChIJ8aGpZXUHbUcR7RhDMQpSArs",
    "plus_code": "8FWR695H+2F",
    "source_type": null,
    "sync_enabled": null,
    "last_sync": null,
    "name_de": "Plachutta Wollzeile",
    "name_en": "Plachutta Wollzeile",
    "name_it": "Plachutta",
    "name_hr": "Plachutta",
    "description_de": "Schickes Restaurant für Tafelspitz und andere Klassiker der Wiener Küche mit Sitzgelegenheiten im Freien.",
    "description_en": "Smart venue for Tafelspitz boiled beef & other classics of Viennese cuisine, with outdoor seating.",
    "description_it": "Locale elegante con tavoli all'aperto che serve bollito di manzo Tafelspitz e altri classici della tradizione viennese.",
    "description_hr": "Smart venue for Tafelspitz boiled beef & other classics of Viennese cuisine, with outdoor seating.",
    "lat": 48.207521,
    "lng": 16.378672,
    "created_at": null,
    "updated_at": "2025-08-13T03:19:48.081+00:00",
    "description_fr": "Restaurant chic avec terrasse, servant du Tafelspitz (bœuf bouilli) et d'autres spécialités de la cuisine viennoise.",
    "name_fr": "Plachutta Wollzeile",
    "translations": null,
    "address": "Wollzeile 38, 1010 Wien, Österreich",
    "phone": "01 5121577",
    "website": "https://www.plachutta.at/de/wollzeile.html",
    "rating": 4.2,
    "price_level": 3,
    "active": true,
    "display_name": "Plachutta Wollzeile, Wien",
    "maps_url": "https://maps.google.com/?cid=13475423238775576813",
    "to_review": false,
    "category_name_de": "Einrichtung",
    "category_name_en": "establishment",
    "category_name_it": "istituzione",
    "category_name_hr": "ustanova"
  },
  {
    "id": 92,
    "wind2horizon_id": null,
    "category_id": 23,
    "google_place_id": "ChIJWyZ7-P4nd0cRAikvHeOHJso",
    "plus_code": "8FVM857Q+9V",
    "source_type": null,
    "sync_enabled": null,
    "last_sync": null,
    "name_de": "Liechtensteinklamm",
    "name_en": "Liechtensteinklamm",
    "name_it": "Liechtensteinklamm",
    "name_hr": "Liechtensteinklamm",
    "description_de": "Tiefe, schmale Schlucht mit Wanderwegen, Brücken, Fluss und Wasserfall, nur in den Sommermonaten geöffnet.",
    "description_en": "Deep, narrow gorge with footpaths, bridges, river & waterfall, only open in the summer months.",
    "description_it": "Gola profonda e stretta con sentieri, ponti, fiume e cascata, aperta solo nei mesi estivi.",
    "description_hr": "Duboki uski klanac s pješačkim stazama, mostovima, rijekom i slapom otvoren samo tijekom ljetnih mjeseci.",
    "lat": 47.3134265,
    "lng": 13.1896781,
    "created_at": null,
    "updated_at": "2025-08-13T03:19:53.084+00:00",
    "description_fr": "Gorge étroite et profonde avec sentiers pédestres, ponts, rivière et cascade, ouverte en été uniquement.",
    "name_fr": "Liechtensteinklamm",
    "translations": null,
    "address": "Liechtensteinklammstraße 123, 5600 St. Johann im Pongau, Österreich",
    "phone": "06412 6036",
    "website": "http://www.liechtensteinklamm.at/",
    "rating": 4.6,
    "price_level": null,
    "active": true,
    "display_name": "Liechtensteinklamm 5600 St. Johann im Pongau",
    "maps_url": "https://maps.google.com/?cid=14566479454293403906",
    "to_review": false,
    "category_name_de": "Einrichtung",
    "category_name_en": "establishment",
    "category_name_it": "istituzione",
    "category_name_hr": "ustanova"
  },
  {
    "id": 100,
    "wind2horizon_id": null,
    "category_id": 23,
    "google_place_id": "ChIJh9WBVnFNdkcRoRgIVo9YeXA",
    "plus_code": "8FVJC9VQ+6M",
    "source_type": null,
    "sync_enabled": null,
    "last_sync": null,
    "name_de": "Bergbahn AG Kitzbühel – KitzSki",
    "name_en": "Bergbahn AG Kitzbühel - KitzSki",
    "name_it": "Bergbahn AG Kitzbühel - KitzSki",
    "name_hr": "Bergbahn Kitzbühel",
    "description_de": "Beliebtes Skigebiet mit einer Vielzahl von anspruchsvollen Abfahrten für Ski- und Snowboardfahrer.",
    "description_en": "Popular ski resort featuring a wide variety of challenging skiing & snowboarding slopes.",
    "description_it": "Popolare località sciistica con ampia scelta di piste entusiasmanti per sci e snowboard.",
    "description_hr": "Popularno skijaško odmaralište s brojnim zahtjevnim spustovima za skijanje i daskanje na snijegu.",
    "lat": 47.4430868,
    "lng": 12.3892092,
    "created_at": null,
    "updated_at": "2025-08-13T03:20:01.684+00:00",
    "description_fr": "Station de ski très fréquentée offrant une grande diversité de pistes difficiles de ski et de snowboard.",
    "name_fr": "Bergbahn AG Kitzbühel - KitzSki",
    "translations": null,
    "address": "Hahnenkammstraße 1a, 6370 Kitzbühel, Österreich",
    "phone": "05356 69510",
    "website": "https://www.kitzski.at/",
    "rating": 4.5,
    "price_level": null,
    "active": true,
    "display_name": "KitzSki KitzbÃ¼hel",
    "maps_url": "https://maps.google.com/?cid=8104606377076856993",
    "to_review": false,
    "category_name_de": "Einrichtung",
    "category_name_en": "establishment",
    "category_name_it": "istituzione",
    "category_name_hr": "ustanova"
  },
  {
    "id": 561,
    "wind2horizon_id": null,
    "category_id": 23,
    "google_place_id": "ChIJb1QAXuHSfEcR4A3BlUQn9Dc",
    "plus_code": "8FPMVRFW+72",
    "source_type": null,
    "sync_enabled": null,
    "last_sync": null,
    "name_de": "ACI marina Pula",
    "name_en": "ACI marina Pula",
    "name_it": "ACI marina Pula",
    "name_hr": "ACI marina Pula",
    "description_de": null,
    "description_en": null,
    "description_it": null,
    "description_hr": null,
    "lat": 44.8731915,
    "lng": 13.8450158,
    "created_at": null,
    "updated_at": "2025-08-13T03:20:12.566+00:00",
    "description_fr": null,
    "name_fr": "ACI marina Pula",
    "translations": null,
    "address": "Riva 1, 52100, Pula, Kroatien",
    "phone": "098 398 837",
    "website": "https://www.aci-marinas.com/aci_marina/aci-marina-pula/",
    "rating": 4.3,
    "price_level": null,
    "active": true,
    "display_name": "Pula ACI Port",
    "maps_url": "https://maps.google.com/?cid=4031890741927153120",
    "to_review": false,
    "category_name_de": "Einrichtung",
    "category_name_en": "establishment",
    "category_name_it": "istituzione",
    "category_name_hr": "ustanova"
  },
  {
    "id": 89,
    "wind2horizon_id": null,
    "category_id": 23,
    "google_place_id": "ChIJI85wbpwHbUcRiJL_xm_zLE4",
    "plus_code": "8FWR6939+JW",
    "source_type": null,
    "sync_enabled": null,
    "last_sync": null,
    "name_de": "Hotel Sacher Wien",
    "name_en": "Hotel Sacher Vienna",
    "name_it": "Hotel Sacher",
    "name_hr": "Hotel Sacher Vienna",
    "description_de": "Elegante Zimmer und Suiten in einem prächtigen Hotel mit 2 gehobenen Restaurants, Terrassenbar und Spa.",
    "description_en": "Elegant quarters in a ornate hotel with 2 refined restaurants, a terrace bar & a full-service spa.",
    "description_it": "Sistemazioni eleganti in hotel ricercato che offre 2 ristoranti raffinati, bar con terrazza e spa completa.",
    "description_hr": "Luksuzan smještaj u elitnom hotelu koji nudi dva vrhunska restorana, bar s terasom i spa s punom uslugom.",
    "lat": 48.2040009,
    "lng": 16.3697963,
    "created_at": null,
    "updated_at": "2025-08-13T03:19:49.51+00:00",
    "description_fr": "Hôtel richement décoré, logements chics, 2 restaurants raffinés, spa à service complet et bar avec terrasse.",
    "name_fr": "Hôtel Sacher",
    "translations": null,
    "address": "Philharmoniker Str. 4, 1010 Wien, Österreich",
    "phone": "01 514560",
    "website": "https://www.sacher.com/de/wien/?utm_source=google&utm_medium=organic&utm_campaign=google_local_hotel_sacher_vienna",
    "rating": 4.5,
    "price_level": null,
    "active": true,
    "display_name": "Hotel Sacher Wien",
    "maps_url": "https://maps.google.com/?cid=5633144895339205256",
    "to_review": false,
    "category_name_de": "Einrichtung",
    "category_name_en": "establishment",
    "category_name_it": "istituzione",
    "category_name_hr": "ustanova"
  },
  {
    "id": 90,
    "wind2horizon_id": null,
    "category_id": 23,
    "google_place_id": "ChIJv3zAHAmobUcRyYvq5F26aU4",
    "plus_code": "8FWR58P7+84",
    "source_type": null,
    "sync_enabled": null,
    "last_sync": null,
    "name_de": "Schloss Schönbrunn",
    "name_en": "Schönbrunn Palace",
    "name_it": "Palazzo di Schönbrunn",
    "name_hr": "Schönbrunn",
    "description_de": "Sommerpalast aus dem 18. Jahrhundert, Führungen durch opulente Festsäle im Rokokostil und Park mit Irrgarten.",
    "description_en": "18th-century summer palace with tours of lavish rococo ceremonial rooms, plus gardens with a maze.",
    "description_it": "Residenza estiva del XVIII secolo con tour guidati nelle sale cerimoniali rococò e giardino con labirinto.",
    "description_hr": "Ljetna palača iz 18. st. koja nudi obilazak bogatih ceremonijalnih soba u stilu rokokoa i vrtove s labirintom.",
    "lat": 48.1858124,
    "lng": 16.3127641,
    "created_at": null,
    "updated_at": "2025-08-13T03:19:50.794+00:00",
    "description_fr": "Palais d'été du XVIIIe avec visites des somptueuses salles de cérémonie rococo et jardins avec labyrinthe.",
    "name_fr": "Château de Schönbrunn",
    "translations": null,
    "address": "Schönbrunner Schloßstraße 47, 1130 Wien, Österreich",
    "phone": "01 811130",
    "website": "https://www.schoenbrunn.at/",
    "rating": 4.7,
    "price_level": null,
    "active": true,
    "display_name": "Schloss SchÃƒÆ’Ã‚Â¶nbrunn",
    "maps_url": "https://maps.google.com/?cid=5650252119948299209",
    "to_review": false,
    "category_name_de": "Einrichtung",
    "category_name_en": "establishment",
    "category_name_it": "istituzione",
    "category_name_hr": "ustanova"
  },
  {
    "id": 508,
    "wind2horizon_id": null,
    "category_id": 23,
    "google_place_id": "ChIJn8Gj0QeVfEcRbc4ma8dH2EY",
    "plus_code": "8FQM5J24+64",
    "source_type": null,
    "sync_enabled": null,
    "last_sync": null,
    "name_de": "Viewpoint Casanova",
    "name_en": "Viewpoint Casanova",
    "name_it": "Belvedere Casanova",
    "name_hr": "Viewpoint Casanova",
    "description_de": "Aussichtsplattform auf einem Hügel mit Blick auf einen Jachthafen, die Altstadt von Vrsar und die Adria.",
    "description_en": "Observation deck on a hilltop, with views over a yacht harbor, Vrsar old town & the Adriatic Sea.",
    "description_it": "Belvedere su una collina con vista sul porto turistico, sul centro storico di Orsera e sul mare Adriatico.",
    "description_hr": "Vidikovac na vrhu brda s pogledom na luku za jahte, staru gradsku jezgru Vrsara i more.",
    "lat": 45.1505492,
    "lng": 13.6052522,
    "created_at": null,
    "updated_at": "2025-08-13T03:20:07.568+00:00",
    "description_fr": "Observation deck on a hilltop, with views over a yacht harbor, Vrsar old town & the Adriatic Sea.",
    "name_fr": "Viewpoint Casanova",
    "translations": null,
    "address": "Ul. Rade Končara 54, 52450, Vrsar, Kroatien",
    "phone": null,
    "website": null,
    "rating": 4.7,
    "price_level": null,
    "active": true,
    "display_name": "Viewpoint Casanova Vrsar",
    "maps_url": "https://maps.google.com/?cid=5104909099446226541",
    "to_review": false,
    "category_name_de": "Einrichtung",
    "category_name_en": "establishment",
    "category_name_it": "istituzione",
    "category_name_hr": "ustanova"
  },
  {
    "id": 629,
    "wind2horizon_id": null,
    "category_id": 23,
    "google_place_id": "ChIJr5HgX_vXNBMROLJgHIG9eQg",
    "plus_code": "8FMQQQ5J+22",
    "source_type": null,
    "sync_enabled": null,
    "last_sync": null,
    "name_de": "ACI Marina Vodice",
    "name_en": "ACI Marina Vodice",
    "name_it": "ACI Marina Vodice",
    "name_hr": "ACI Marina Vodice",
    "description_de": null,
    "description_en": null,
    "description_it": null,
    "description_hr": null,
    "lat": 43.7575498,
    "lng": 15.7800631,
    "created_at": null,
    "updated_at": "2025-08-13T03:20:17.506+00:00",
    "description_fr": null,
    "name_fr": "ACI Marina Vodice",
    "translations": null,
    "address": "Artina ul. 13a, 22211, Vodice, Kroatien",
    "phone": "022 443 086",
    "website": "http://www.aci-marinas.com/aci_marina/aci-vodice/",
    "rating": 4.4,
    "price_level": null,
    "active": true,
    "display_name": "ACI Marina Sibenik",
    "maps_url": "https://maps.google.com/?cid=610727586709942840",
    "to_review": false,
    "category_name_de": "Einrichtung",
    "category_name_en": "establishment",
    "category_name_it": "istituzione",
    "category_name_hr": "ustanova"
  },
  {
    "id": 899,
    "wind2horizon_id": null,
    "category_id": 23,
    "google_place_id": "ChIJ36v6hvrAfEcRVsuKwscZGQM",
    "plus_code": null,
    "source_type": null,
    "sync_enabled": null,
    "last_sync": null,
    "name_de": "Sveti Andrija",
    "name_en": "Sveti Andrija",
    "name_it": "Sveti Andrija",
    "name_hr": "Otočić Sveti Andrija",
    "description_de": "Kleine Insel in der Adria mit Hotel, Strand und Wassersportzentrum.",
    "description_en": "Tiny island in the Adriatic Sea featuring a hotel, a beach & a water-sports center.",
    "description_it": "Isolotto nel Mar Adriatico con hotel, spiaggia e centro per sport acquatici.",
    "description_hr": "Jadranski otočić s hotelom, plažom i centrom za vodene sportove.",
    "lat": 45.0589807,
    "lng": 13.6237276,
    "created_at": null,
    "updated_at": "2025-08-13T03:20:22.157+00:00",
    "description_fr": "Tiny island in the Adriatic Sea featuring a hotel, a beach & a water-sports center.",
    "name_fr": "Sveti Andrija",
    "translations": null,
    "address": "Sveti Andrija, Kroatien",
    "phone": null,
    "website": null,
    "rating": 4.7,
    "price_level": null,
    "active": true,
    "display_name": "crveni-otok Rovinj",
    "maps_url": "https://maps.google.com/?cid=223238002284612438",
    "to_review": false,
    "category_name_de": "Einrichtung",
    "category_name_en": "establishment",
    "category_name_it": "istituzione",
    "category_name_hr": "ustanova"
  },
  {
    "id": 517,
    "wind2horizon_id": null,
    "category_id": 23,
    "google_place_id": "ChIJd0UsgPSVfEcRPyEXjVERcuk",
    "plus_code": "8FQM4JX3+PH",
    "source_type": null,
    "sync_enabled": null,
    "last_sync": null,
    "name_de": "Studenac Market",
    "name_en": "Studenac Market",
    "name_it": "Studenac Market",
    "name_hr": "STUDENAC MARKET",
    "description_de": null,
    "description_en": null,
    "description_it": null,
    "description_hr": null,
    "lat": 45.1493381,
    "lng": 13.6038832,
    "created_at": null,
    "updated_at": "2025-08-13T03:20:10.48+00:00",
    "description_fr": null,
    "name_fr": "Studenac Market",
    "translations": null,
    "address": "Obala Maršala Tita 11B, 52440, Vrsar, Kroatien",
    "phone": "072 000 990",
    "website": "https://www.studenac.hr/",
    "rating": 4.3,
    "price_level": null,
    "active": true,
    "display_name": "Studenac Market vrsar",
    "maps_url": "https://maps.google.com/?cid=16821526600139350335",
    "to_review": false,
    "category_name_de": "Einrichtung",
    "category_name_en": "establishment",
    "category_name_it": "istituzione",
    "category_name_hr": "ustanova"
  },
  {
    "id": 628,
    "wind2horizon_id": null,
    "category_id": 23,
    "google_place_id": "ChIJSZ5hqhL6YUcRqtNifhDsf7Y",
    "plus_code": "8FPQ4689+VX",
    "source_type": null,
    "sync_enabled": null,
    "last_sync": null,
    "name_de": "Meeresorgel",
    "name_en": "Sea Organ",
    "name_it": "Organo Marino",
    "name_hr": "Morske orgulje",
    "description_de": "Großes experimentelles Musikinstrument unter einer Treppe, das von den Meereswellen gespielt wird.",
    "description_en": "Large experimental musical instrument mounted beneath a staircase & played by the waves on the sea.",
    "description_it": "Grande strumento musicale sperimentale montato sotto una scalinata e suonato dalle onde del mare.",
    "description_hr": "Veliki eksperimentalni glazbeni instrument podno stuba na kojem \"sviraju\" morski valovi.",
    "lat": 44.11722,
    "lng": 15.2199087,
    "created_at": null,
    "updated_at": "2025-08-13T03:20:16.485+00:00",
    "description_fr": "Grand instrument de musique expérimental installé sous un escalier et actionné par les vagues.",
    "name_fr": "Orgue Marin",
    "translations": null,
    "address": "Obala kralja Petra Krešimira IV, 23000, Zadar, Kroatien",
    "phone": "023 316 166",
    "website": "https://zadar.travel/attractions/attractions/morske-orgulje",
    "rating": 4.7,
    "price_level": null,
    "active": true,
    "display_name": "Meeresorgel Zadar",
    "maps_url": "https://maps.google.com/?cid=13150488992529175466",
    "to_review": false,
    "category_name_de": "Einrichtung",
    "category_name_en": "establishment",
    "category_name_it": "istituzione",
    "category_name_hr": "ustanova"
  },
  {
    "id": 97,
    "wind2horizon_id": null,
    "category_id": 23,
    "google_place_id": "ChIJb0GapDyobUcR4o6tTtu0uWg",
    "plus_code": "8FVMVQX5+W8",
    "source_type": null,
    "sync_enabled": null,
    "last_sync": null,
    "name_de": "Seefunkschule Adlmanninger",
    "name_en": "Seefunkschule Adlmanninger",
    "name_it": "Seefunkschule Adlmanninger",
    "name_hr": "Seefunkschule Adlmanninger",
    "description_de": null,
    "description_en": null,
    "description_it": null,
    "description_hr": null,
    "lat": 47.8997807,
    "lng": 13.7583526,
    "created_at": null,
    "updated_at": "2025-08-13T03:19:58.58+00:00",
    "description_fr": null,
    "name_fr": "Seefunkschule Adlmanninger",
    "translations": null,
    "address": "Tagwerkerstraße 4, 4813 Altmünster am Traunsee, Österreich",
    "phone": "0677 63964151",
    "website": "https://seefunk.net/",
    "rating": 4.9,
    "price_level": null,
    "active": true,
    "display_name": "Adlmanninger AltmÃƒÂ¼nster",
    "maps_url": "https://maps.google.com/?cid=7546261504646811362",
    "to_review": false,
    "category_name_de": "Einrichtung",
    "category_name_en": "establishment",
    "category_name_it": "istituzione",
    "category_name_hr": "ustanova"
  },
  {
    "id": 516,
    "wind2horizon_id": null,
    "category_id": 23,
    "google_place_id": "ChIJFXgBOHGVfEcRaCdcPdmLejk",
    "plus_code": "8FQM5H2X+8X",
    "source_type": null,
    "sync_enabled": null,
    "last_sync": null,
    "name_de": "Electric Vehicle Charging Station",
    "name_en": "Electric Vehicle Charging Station",
    "name_it": "Electric Vehicle Charging Station",
    "name_hr": "Stanica za napajanje električnih vozila",
    "description_de": null,
    "description_en": null,
    "description_it": null,
    "description_hr": null,
    "lat": 45.1508499,
    "lng": 13.5999246,
    "created_at": null,
    "updated_at": "2025-08-13T03:20:09.538+00:00",
    "description_fr": null,
    "name_fr": "Electric Vehicle Charging Station",
    "translations": null,
    "address": "52450, Vrsar, Kroatien",
    "phone": null,
    "website": null,
    "rating": null,
    "price_level": null,
    "active": true,
    "display_name": "Stanica za napajanje elektricnih vozila vrsar",
    "maps_url": "https://maps.google.com/?cid=4141776572474206056",
    "to_review": false,
    "category_name_de": "Einrichtung",
    "category_name_en": "establishment",
    "category_name_it": "istituzione",
    "category_name_hr": "ustanova"
  },
  {
    "id": 573,
    "wind2horizon_id": null,
    "category_id": 23,
    "google_place_id": "ChIJ3R7FUETTfEcRsAV0LUtwHRg",
    "plus_code": "8FPMRRVW+H3",
    "source_type": null,
    "sync_enabled": null,
    "last_sync": null,
    "name_de": "Pitter Yachtcharter Pula Veruda",
    "name_en": "Pitter d.o.o.",
    "name_it": "Pitter d.o.o.",
    "name_hr": "Pitter d.o.o.",
    "description_de": null,
    "description_en": null,
    "description_it": null,
    "description_hr": null,
    "lat": 44.8439116,
    "lng": 13.8452287,
    "created_at": null,
    "updated_at": "2025-08-13T03:20:13.507+00:00",
    "description_fr": null,
    "name_fr": "Pitter d.o.o.",
    "translations": null,
    "address": "Ul. Prekomorskih brigada 12, 52100, Pula, Kroatien",
    "phone": "052 522 848",
    "website": "https://www.pitter-yachting.com/en/destinations/croatia/marina-veruda-pula-py",
    "rating": 4.6,
    "price_level": null,
    "active": true,
    "display_name": "Pitter Yachtcharter Pula Veruda",
    "maps_url": "https://maps.google.com/?cid=1737668499422315952",
    "to_review": false,
    "category_name_de": "Einrichtung",
    "category_name_en": "establishment",
    "category_name_it": "istituzione",
    "category_name_hr": "ustanova"
  },
  {
    "id": 630,
    "wind2horizon_id": null,
    "category_id": 23,
    "google_place_id": "ChIJhz0tnzPZdkcRi83FZYVTVj8",
    "plus_code": "8FVM85F6+39",
    "source_type": null,
    "sync_enabled": null,
    "last_sync": null,
    "name_de": "Palermo Pizzeria",
    "name_en": "Palermo Pizzeria",
    "name_it": "Palermo Pizzeria",
    "name_hr": "Palermo Pizzeria",
    "description_de": null,
    "description_en": null,
    "description_it": null,
    "description_hr": null,
    "lat": 47.3226363,
    "lng": 13.1608855,
    "created_at": null,
    "updated_at": "2025-08-13T03:20:18.49+00:00",
    "description_fr": null,
    "name_fr": "Palermo Pizzeria",
    "translations": null,
    "address": "Abtsdorf 15, 5621 St. Veit im Pongau, Österreich",
    "phone": "0660 9544270",
    "website": "https://www.palermo-pizzeria.at/",
    "rating": 4.8,
    "price_level": 2,
    "active": true,
    "display_name": "Pizzeria Palermo St. Veit im Pongau",
    "maps_url": "https://maps.google.com/?cid=4563927104789794187",
    "to_review": false,
    "category_name_de": "Einrichtung",
    "category_name_en": "establishment",
    "category_name_it": "istituzione",
    "category_name_hr": "ustanova"
  },
  {
    "id": 94,
    "wind2horizon_id": null,
    "category_id": 23,
    "google_place_id": "ChIJL4QC0VKWfEcRSTKfh6BHFYA",
    "plus_code": "8FQM6H3V+GV",
    "source_type": null,
    "sync_enabled": null,
    "last_sync": null,
    "name_de": "Skilift Porec",
    "name_en": "Skilift Porec",
    "name_it": "Ski Lift Poreč",
    "name_hr": "The Ski Lift Poreč",
    "description_de": null,
    "description_en": null,
    "description_it": null,
    "description_hr": null,
    "lat": 45.2038392,
    "lng": 13.5947036,
    "created_at": null,
    "updated_at": "2025-08-13T03:19:55.458+00:00",
    "description_fr": null,
    "name_fr": "Skilift Porec",
    "translations": null,
    "address": "Zelena laguna 3, 52440, Poreč, Kroatien",
    "phone": null,
    "website": "http://www.skiliftporec.com/",
    "rating": 4.5,
    "price_level": null,
    "active": true,
    "display_name": "skilift Porec",
    "maps_url": "https://maps.google.com/?cid=9229361766161396297",
    "to_review": false,
    "category_name_de": "Einrichtung",
    "category_name_en": "establishment",
    "category_name_it": "istituzione",
    "category_name_hr": "ustanova"
  },
  {
    "id": 96,
    "wind2horizon_id": null,
    "category_id": 23,
    "google_place_id": "ChIJpyxjf2OQdkcRm36VxMNhxVU",
    "plus_code": "8FVMR22V+V7",
    "source_type": null,
    "sync_enabled": null,
    "last_sync": null,
    "name_de": "Hotel Sacher Salzburg",
    "name_en": "Hotel Sacher Salzburg",
    "name_it": "Hotel Sacher Salzburg",
    "name_hr": "Hotel Sacher Salzburg",
    "description_de": "Nobelhotel mit 3 stilvollen Restaurants, einem Café und einer Chocolaterie sowie Blick auf den Fluss.",
    "description_en": "Lavish hotel offering 3 refined restaurants, a cafe & a chocolaterie, as well as river views.",
    "description_it": "Hotel esclusivo con 3 ristoranti raffinati, caffè, cioccolateria e vista sul fiume.",
    "description_hr": "Otmjeni hotel s tri profinjena restorana, kafićem, trgovinom čokolade i pogledom na rijeku.",
    "lat": 47.8021621,
    "lng": 13.0432009,
    "created_at": null,
    "updated_at": "2025-08-13T03:19:57.617+00:00",
    "description_fr": "Hôtel chic avec 3 restaurants raffinés, café, chocolaterie et vue sur la rivière.",
    "name_fr": "Hotel Sacher Salzburg",
    "translations": null,
    "address": "Schwarzstraße 5/7, 5020 Salzburg, Österreich",
    "phone": "0662 889770",
    "website": "https://www.sacher.com/de/salzburg/?utm_source=google&utm_medium=organic&utm_campaign=google_local_hotel_sacher_salzburg",
    "rating": 4.6,
    "price_level": null,
    "active": true,
    "display_name": "Hotel Sacher Salzburg",
    "maps_url": "https://maps.google.com/?cid=6180453557080522395",
    "to_review": false,
    "category_name_de": "Einrichtung",
    "category_name_en": "establishment",
    "category_name_it": "istituzione",
    "category_name_hr": "ustanova"
  },
  {
    "id": 91,
    "wind2horizon_id": null,
    "category_id": 23,
    "google_place_id": "ChIJUQOxEDHYdkcRsQEwXPz7oGw",
    "plus_code": "8FVM952V+5J",
    "source_type": null,
    "sync_enabled": null,
    "last_sync": null,
    "name_de": "JET Tankstelle",
    "name_en": "JET Tankstelle",
    "name_it": "JET Tankstelle",
    "name_hr": "JET Tankstelle",
    "description_de": null,
    "description_en": null,
    "description_it": null,
    "description_hr": null,
    "lat": 47.35044120000001,
    "lng": 13.1940298,
    "created_at": null,
    "updated_at": "2025-08-13T03:19:52.061+00:00",
    "description_fr": null,
    "name_fr": "JET Tankstelle",
    "translations": null,
    "address": "Bundesstraße 18, 5600 St. Johann im Pongau, Österreich",
    "phone": "06412 20389",
    "website": "https://www.jet-tankstellen.at/de/tankstellen/details.php?TSNr=J05682",
    "rating": 4.4,
    "price_level": null,
    "active": true,
    "display_name": "Jet Tankstelle 5600 St. Johann im Pongau",
    "maps_url": "https://maps.google.com/?cid=7827533213666902449",
    "to_review": false,
    "category_name_de": "Einrichtung",
    "category_name_en": "establishment",
    "category_name_it": "istituzione",
    "category_name_hr": "ustanova"
  },
  {
    "id": 95,
    "wind2horizon_id": null,
    "category_id": 23,
    "google_place_id": "ChIJQdg4nkgnd0cR8pz8ZVb_13U",
    "plus_code": "8FVM835R+H3",
    "source_type": null,
    "sync_enabled": null,
    "last_sync": null,
    "name_de": "Golfclub Goldegg",
    "name_en": "Golfclub Goldegg",
    "name_it": "Golfclub Goldegg",
    "name_hr": "Golfclub Goldegg",
    "description_de": null,
    "description_en": null,
    "description_it": null,
    "description_hr": null,
    "lat": 47.3089895,
    "lng": 13.0902492,
    "created_at": null,
    "updated_at": "2025-08-13T03:19:56.415+00:00",
    "description_fr": null,
    "name_fr": "Golfclub Goldegg",
    "translations": null,
    "address": "Maierhof 19, 5622 Goldegg, Österreich",
    "phone": "06415 8585",
    "website": "https://golfclub-goldegg.com/",
    "rating": 4.6,
    "price_level": null,
    "active": true,
    "display_name": "Golfplatz Goldegg",
    "maps_url": "https://maps.google.com/?cid=8491536368973683954",
    "to_review": false,
    "category_name_de": "Einrichtung",
    "category_name_en": "establishment",
    "category_name_it": "istituzione",
    "category_name_hr": "ustanova"
  },
  {
    "id": 98,
    "wind2horizon_id": null,
    "category_id": 23,
    "google_place_id": "ChIJg6ffaC_YdkcRWhfcOamtyHI",
    "plus_code": "8FVM86W2+RV",
    "source_type": null,
    "sync_enabled": null,
    "last_sync": null,
    "name_de": "Johannes Stadtapotheke",
    "name_en": "Johannes Stadtapotheke",
    "name_it": "Johannes Stadtapotheke",
    "name_hr": "Johannes Stadtapotheke",
    "description_de": null,
    "description_en": null,
    "description_it": null,
    "description_hr": null,
    "lat": 47.34702619999999,
    "lng": 13.2021919,
    "created_at": null,
    "updated_at": "2025-08-13T03:19:59.549+00:00",
    "description_fr": null,
    "name_fr": "Johannes Stadtapotheke",
    "translations": null,
    "address": "Hans Kappacherstraße 8, 5600 St. Johann im Pongau, Österreich",
    "phone": "06412 4044",
    "website": "http://www.johannes-stadtapotheke.at/",
    "rating": 4.4,
    "price_level": null,
    "active": true,
    "display_name": "Stadtapotheke 5600 St. Johann im Pongau",
    "maps_url": "https://maps.google.com/?cid=8271051657997719386",
    "to_review": false,
    "category_name_de": "Einrichtung",
    "category_name_en": "establishment",
    "category_name_it": "istituzione",
    "category_name_hr": "ustanova"
  },
  {
    "id": 99,
    "wind2horizon_id": null,
    "category_id": 23,
    "google_place_id": "ChIJ-7D0jgHYdkcR8yIc-VR9aNw",
    "plus_code": "8FVM85CW+H2",
    "source_type": null,
    "sync_enabled": null,
    "last_sync": null,
    "name_de": "Snow Space Salzburg - St. Johann im Pongau",
    "name_en": "Snow Space Salzburg - St. Johann im Pongau",
    "name_it": "Snow Space Salzburg - St. Johann im Pongau",
    "name_hr": "Alpendorf Bergbahnen",
    "description_de": "Riesiges Resort mit 3 Skigebieten, Berghütten und modernen Seilbahnen sowie Wanderwegen im Sommer.",
    "description_en": "Huge resort with 3 ski areas, mountain huts & modern cable cars, plus hiking trails in summer.",
    "description_it": "Huge resort with 3 ski areas, mountain huts & modern cable cars, plus hiking trails in summer.",
    "description_hr": "Huge resort with 3 ski areas, mountain huts & modern cable cars, plus hiking trails in summer.",
    "lat": 47.321454,
    "lng": 13.195048,
    "created_at": null,
    "updated_at": "2025-08-13T03:20:00.44+00:00",
    "description_fr": "Huge resort with 3 ski areas, mountain huts & modern cable cars, plus hiking trails in summer.",
    "name_fr": "Snow Space Salzburg - St. Johann im Pongau",
    "translations": null,
    "address": "Alpendorf 2, 5600 St. Johann im Pongau, Österreich",
    "phone": "059 221",
    "website": "https://www.snow-space.com/",
    "rating": 4.7,
    "price_level": null,
    "active": true,
    "display_name": "Alpendorf Bergbahnen 5600 St. Johann",
    "maps_url": "https://maps.google.com/?cid=15882081889832149747",
    "to_review": false,
    "category_name_de": "Einrichtung",
    "category_name_en": "establishment",
    "category_name_it": "istituzione",
    "category_name_hr": "ustanova"
  },
  {
    "id": 515,
    "wind2horizon_id": null,
    "category_id": 23,
    "google_place_id": "ChIJ44ALL_KVfEcRUuDKqwTYfa8",
    "plus_code": "8FQM5H2X+8Q",
    "source_type": null,
    "sync_enabled": null,
    "last_sync": null,
    "name_de": "Restoran “Trošt”",
    "name_en": "Restoran “Trošt”",
    "name_it": "Restoran “Trošt”",
    "name_hr": "Restoran “Trošt”",
    "description_de": null,
    "description_en": null,
    "description_it": null,
    "description_hr": null,
    "lat": 45.1507961,
    "lng": 13.5994712,
    "created_at": null,
    "updated_at": "2025-08-13T03:20:08.505+00:00",
    "description_fr": null,
    "name_fr": "Restoran “Trošt”",
    "translations": null,
    "address": "Obala Maršala Tita 1, 52450, Vrsar, Kroatien",
    "phone": "052 445 197",
    "website": "https://www.restoran-trost.hr/",
    "rating": 4.7,
    "price_level": 2,
    "active": true,
    "display_name": "restoan trost vrsar",
    "maps_url": "https://maps.google.com/?cid=12645500843299889234",
    "to_review": false,
    "category_name_de": "Einrichtung",
    "category_name_en": "establishment",
    "category_name_it": "istituzione",
    "category_name_hr": "ustanova"
  },
  {
    "id": 586,
    "wind2horizon_id": null,
    "category_id": 23,
    "google_place_id": "ChIJGRhYtoErY0cRGbtl8449VG0",
    "plus_code": "8FPMRWC2+PV",
    "source_type": null,
    "sync_enabled": null,
    "last_sync": null,
    "name_de": "ACI Marina Pomer",
    "name_en": "ACI Marina Pomer",
    "name_it": "ACI Marina Pomer",
    "name_hr": "ACI Marina Pomer",
    "description_de": null,
    "description_en": null,
    "description_it": null,
    "description_hr": null,
    "lat": 44.821828,
    "lng": 13.9022051,
    "created_at": null,
    "updated_at": "2025-08-13T03:20:14.441+00:00",
    "description_fr": null,
    "name_fr": "ACI Marina Pomer",
    "translations": null,
    "address": "Pomer, 52100, Pomer, Kroatien",
    "phone": "052 573 162",
    "website": "http://www.aci-marinas.com/aci_marina/aci-marina-pomer/",
    "rating": 4.5,
    "price_level": null,
    "active": true,
    "display_name": "ACI Marina Pomer",
    "maps_url": "https://maps.google.com/?cid=7877989332356021017",
    "to_review": false,
    "category_name_de": "Einrichtung",
    "category_name_en": "establishment",
    "category_name_it": "istituzione",
    "category_name_hr": "ustanova"
  },
  {
    "id": 631,
    "wind2horizon_id": null,
    "category_id": 23,
    "google_place_id": "ChIJiVbDOhe5NBMR6a07Ie84dFw",
    "plus_code": "8FMQQ85W+CC",
    "source_type": null,
    "sync_enabled": null,
    "last_sync": null,
    "name_de": "ACI Marina Piskera",
    "name_en": "ACI Marina Piskera",
    "name_it": "ACI Marina Piškera",
    "name_hr": "ACI Marina Piskera",
    "description_de": null,
    "description_en": null,
    "description_it": null,
    "description_hr": null,
    "lat": 43.7585415,
    "lng": 15.3460817,
    "created_at": null,
    "updated_at": "2025-08-13T03:20:19.425+00:00",
    "description_fr": null,
    "name_fr": "ACI Marina Piskera",
    "translations": null,
    "address": "Kornati Kornati, 22243, Kornati, Kroatien",
    "phone": "091 470 0091",
    "website": "http://www.aci-marinas.com/aci_marina/aci-piskera/",
    "rating": 4.4,
    "price_level": null,
    "active": true,
    "display_name": "ACI Marina Piskera",
    "maps_url": "https://maps.google.com/?cid=6662012348493704681",
    "to_review": false,
    "category_name_de": "Einrichtung",
    "category_name_en": "establishment",
    "category_name_it": "istituzione",
    "category_name_hr": "ustanova"
  },
  {
    "id": 865,
    "wind2horizon_id": null,
    "category_id": 23,
    "google_place_id": "ChIJ93oy7fDAfEcRI73t3vYRXvo",
    "plus_code": "8FQM3J5F+MM",
    "source_type": null,
    "sync_enabled": null,
    "last_sync": null,
    "name_de": "Hotel Istra Insel Sveti Andrea",
    "name_en": "Maistra Select Island Hotel Istra",
    "name_it": "Maistra Select Island Hotel Istra",
    "name_hr": "Maistra Select Island Hotel Istra",
    "description_de": "Stilvolles Resort auf einer abgelegenen Insel mit 5 Restaurants, modernem Spa und Privatstränden.",
    "description_en": "Refined resort on a secluded island, plus 5 restaurants, a modern spa & private beaches",
    "description_it": "Resort raffinato su un'isola tranquilla con cinque ristoranti, una spa moderna e lidi privati",
    "description_hr": "Profinjeno odmaralište na skrivenom otoku s pet restorana, modernim spa-centrom i privatnim plažama.",
    "lat": 45.0592216,
    "lng": 13.6241761,
    "created_at": null,
    "updated_at": "2025-08-13T03:20:23.161+00:00",
    "description_fr": "Complexe raffiné sur île isolée avec 5 restaurants, spa moderne et plages privées.",
    "name_fr": "Maistra Select Island Hotel Istra",
    "translations": null,
    "address": "52210, Rovinj, Kroatien",
    "phone": "052 800 250",
    "website": "https://www.maistra.com/properties/island-hotel-istra/?utm_source=google&utm_medium=organic&utm_campaign=maps&utm_content=hotel_istra#/",
    "rating": 4.6,
    "price_level": null,
    "active": true,
    "display_name": "hotel crveni-otok Rovinj",
    "maps_url": "https://maps.google.com/?cid=18040876909292535075",
    "to_review": false,
    "category_name_de": "Einrichtung",
    "category_name_en": "establishment",
    "category_name_it": "istituzione",
    "category_name_hr": "ustanova"
  }
]